,0
파이썬,32
함수,9
예제,12
클래스,4
요청,10
헤더,5
지정,15
코딩,7
일기,2
홈,3
방명록,3
깃헙,1
반응,4
모듈,8
데이터,8
기본,4
기능,3
제공,3
웹,8
클라이언트,2
프로그램,11
위,9
방식,6
브라우저,1
원리,2
다음,13
인자,3
허용,1
문자열,2
인코딩,3
상태,1
유니코드,1
타입,2
바이트,1
스트링,1
예시,6
김석훈,1
Content-Type,4
text-decoration,1
만일,1
때,8
경우,2
변경,5
대신,2
객체,3
생성,8
추가,8
서버,4
마찬가지,1
실행,23
실습,5
만약,1
_send_request,1
encode_chunked,1
_send_output,1
대상,3
컴퓨터,12
연결,11
거부,3
_open,2
에러,2
쿠키,1
프록시,1
처리,9
공유,10
하기,11
게시,5
글,31
관리,9
구독,5
저작자,3
표시,6
영리,3
금지,3
카테고리,9
순서,1
장고,3
재작성,2
홍련화,2
가사,2
네이버,3
블로그,24
롤링,3
깔끔,1
코드,6
이용,1
탑,1
크롤링,1
이전,5
작성,4
관련,7
댓글,11
비밀,2
등록,2
협력,1
관계,2
분류,4
전체,6
기,1
개념,1
이해,1
이모저모,1
선형대수학,1
언어,1
문제,4
프로그래밍,2
코로나맵,1
분석,1
강의,4
머신,2
러닝,2
코세라,1
노트,1
프리,1
코스,1
명령어,7
세팅,2
팁,5
사이트,4
이야기,3
경제,3
교양,1
잡,1
티스토리,1
상자,2
팀,1
단위,1
컴퓨터학원,3
코리아,2
아카데미,2
학원,3
기초,2
코딩과,1
온라인,1
교육,1
아이티,1
뱅크,1
대형,1
더조은,1
코멘투,1
가격,1
문과,1
후기,2
인기,2
최근,4
사용,21
주장,1
단어,2
전달,1
폰트,4
적용,1
방,1
법,4
한번,1
해결,7
처음,1
설치,14
감사,11
덕분,6
안녕하세요,3
도움,1
확인,6
공지,2
사항,3
페이스북,2
트위터,2
플러그인,1
일,3
월,2
화,2
수,3
목,2
금,2
토,2
방문자,1
티스토리툴바,4
파일,75
본문,7
이동,6
수단,2
매체,1
한계,2
세계,2
검색,4
메뉴,3
열기,2
이웃,4
기타,2
크기,3
조정,1
보기,2
공감,3
공유하기,1
복사,1
신고,2
시작,3
숫자,2
식,1
자료,5
blog.naver.com,2
포스팅,4
정작,1
도스,8
방법,11
언급,1
환경,10
예전,3
윈도우,26
주,2
운영,2
체계,1
전,1
지금,3
기반,1
사용자,2
인터페이스,1
생각,3
예,2
월급,3
명세서,3
클릭,1
자동,7
엑셀,6
안,2
형식,4
에디터,2
확장자,1
.py,4
한글,1
업로드,1
약자,1
키,2
아래,9
창,1
드라이브,5
폴더,9
뜻,1
디렉토리,8
도시,1
대부분,1
명령,51
명인,1
중간,3
글자체,1
이때,1
다양,1
소개,3
필요,1
정확,1
명,2
테스트,1
경로,3
링크,5
문,1
첨부,1
정도,2
평소,1
중요,1
입문,1
이상,2
마지막,2
입력,30
사람,2
늘새,1
돈,1
자동차,3
여행,5
휘발유,2
원,2
주유소,1
매,1
pyxis1981,2
맨,1
버전,4
공,1
유,1
님,1
취소,1
신비,3
리다이렉션,33
파이프,14
프롬프트,12
출력,39
결과,8
텍스트,3
통합,2
파워,1
윈도우즈,1
기존,6
백업,5
완료,4
쓰레기,1
통,1
포스트,2
신규,1
고스트,1
복구,3
시스템,2
장,2
바탕,1
화면,7
인터넷,2
익스플로러,1
아이콘,1
정리,2
옵션,8
보호,2
향상,2
구축,1
계정,2
컨트롤,1
배치,1
상황,1
비교,1
연,1
숨,1
김,1
공통,1
최고,1
관리자,1
포맷,1
후,3
폴,1
용량,2
램,1
볼륨,1
윈도,1
진입,1
초기,2
딜레이,1
발생,6
다운로드,1
부팅,2
부트,1
매니저,1
항목,1
로,1
추억,1
비,1
실전,1
비스타,1
업그레이드,1
진행,2
한컴오피스,1
에디션,1
제품,1
번호,1
유용,3
용린,1
리,1
아버지,1
똥개,1
엽기,1
토끼,1
외부,2
접속,1
먹튀,1
검증,1
회원,6
하루,1
이,1
누우짱,2
정보,14
윈7,1
멀티,1
베남쏘갈,1
시점,1
삼보,1
솔루션,1
까막눈,1
성공,1
노,1
장님,1
하,1
소행성,1
네트워크,1
역대,1
두두리,1
회사,1
이나라,1
학생,1
고맙습니다,1
트랙백,1
추천,1
스누피,1
박스,1
커뮤니티,4
파코즈,1
하드웨어,1
포럼,1
뉴테스,1
터,1
그룹,1
자료실,3
토렌트,5
캐플,2
활동,3
최신,2
한군데,1
현재,1
주의,1
공간,1
로그인,1
윈티티,1
표준,21
입출력,4
쉘,1
과,1
존재,4
장치,3
키보드,9
모니터,5
설정,2
말,4
표현,1
프린터,4
방향,10
리디,4
렉션,4
영국,1
발음,4
미국,1
과거,1
결론,1
우리나라,1
사전,1
의미,15
용도,1
전용,1
주소,2
명사,1
대입,1
곳,8
정의,1
설명,3
오름,3
순,1
내림,1
차,3
정렬,8
내용,9
해당,1
저장,7
목록,4
기록,2
혼용,2
목적,2
예약어,2
시절,1
대표,2
값,6
지점,2
액체,1
기체,1
역할,1
뒤,1
자연,1
전환,1
기준,1
좌측,1
우측,1
역순,1
조합,1
카카오스토리,1
이름,3
패스워드,1
홈페이지,1
[Python],13
크롤,3
링,3
쓰기,5
오류,9
사회,5
랭킹,2
주식,3
공매도,1
상위,2
종목,2
거래,1
체제,1
멕,1
구글,1
플레이,1
이슈,1
검진,1
기관,2
동물병원,1
동물,1
약국,1
보건,1
의료,3
부동산,1
쇼핑,1
할인,1
앱,1
웹사이트,1
유투버,1
걸음,1
동영상,1
편집,1
라이프,3
고양이,1
집사,1
세금,2
골프,1
캐나다,1
밴쿠버,2
일상,1
금융,1
게임,1
맛집,1
벤치마크,1
생활,1
산후조리원,1
야영,1
캠핑,1
유치원,1
로또,1
도,1
당첨,1
이력,1
프로모션,1
요리,1
스톡,1
사진,1
작가,1
상식,2
행동,1
영상,1
주차장,1
무역,1
산재,1
보험,1
농어촌,1
체험,3
마을,1
한옥,2
스테이,1
텃밭,1
주말농장,1
관광,1
문화,1
체육,1
아파트,1
서울특별시,1
키즈까페,1
놀이,1
시설,4
미세먼지,1
대피소,1
제주,1
멜론,1
차트,1
건강,1
복지,1
지역,3
보육,3
야외,1
과정,1
스크립트,1
메서드,1
선언,1
시,2
시도,1
동일,3
읽기,2
라인,1
메소드,1
모드,1
형,1
음력,1
양력,1
생일,1
날짜,1
변환,1
푸시,1
버튼,1
레이블,1
위젯,1
텔레그램,1
봇,1
연동,1
발급,1
메세지,1
쿠팡,2
파트너스,2
일정액,2
수수료,2
태그,1
3,1
공개,1
취업,2
어학,1
이론,1
구조,1
알고리즘,1
백준,1
작업,2
사무,1
창업,1
스타트업,1
색,1
앞,1
편리,1
시간,1
한국,1
태평양,1
계산,1
멤버십,1
개인,1
참고,1
솜씨,1
구,1
맥,1
비주얼,1
스튜디오,1
공백,1
줄,1
글쓰기,1
Development/Python,1
정상,1
기재,1
해시,2
가공,4
업무,2
필요시,2
개발,2
상대,2
절대,2
참조,2
폼,1
비밀번호,1
